atom_number,detuning (MHz),image
1781881.057929254,14,images/DT1.jpg
1758066.8047043565,14,images/DT2.jpg
1786377.191428616,14,images/DT3.jpg
1786860.50437705,14,images/DT4.jpg
1783839.6038789067,14,images/DT5.jpg
1734668.5430590697,14,images/DT6.jpg
1759305.4400625415,14,images/DT7.jpg
1773864.3670671836,14,images/DT8.jpg
1799728.225203033,14,images/DT9.jpg
1780290.6392334,14,images/DT10.jpg
1783359.7931982148,14,images/DT11.jpg
1743730.8554126394,14,images/DT12.jpg
1766618.1751084141,14,images/DT13.jpg
1746967.729088223,14,images/DT14.jpg
1784076.2015219405,14,images/DT15.jpg
1747573.2322667767,14,images/DT16.jpg
1773010.981160649,14,images/DT17.jpg
1785459.2081392794,14,images/DT18.jpg
1793521.039341139,14,images/DT19.jpg
1755294.1760750546,14,images/DT20.jpg
1763494.541423164,14,images/DT21.jpg
1738334.249962652,14,images/DT22.jpg
1776098.0356050353,14,images/DT23.jpg
1740023.1212961497,14,images/DT24.jpg
1772750.2567842796,14,images/DT25.jpg
1761920.4666434412,14,images/DT26.jpg
1691108.8934440794,14,images/DT27.jpg
1798349.4991351569,14,images/DT28.jpg
1771278.1369099428,14,images/DT29.jpg
1759547.0965367586,14,images/DT30.jpg
1753787.8118050157,14,images/DT31.jpg
1745360.5773353786,14,images/DT32.jpg
1748039.0338764994,14,images/DT33.jpg
1755153.307083643,14,images/DT34.jpg
1778440.6635837578,14,images/DT35.jpg
1797689.1270953077,14,images/DT36.jpg
1772563.8583122185,14,images/DT37.jpg
1781640.9580184778,14,images/DT38.jpg
1740750.036423102,14,images/DT39.jpg
1767160.6374676067,14,images/DT40.jpg
1774644.983632851,14,images/DT41.jpg
1751146.3236456187,14,images/DT42.jpg
1765544.5354749765,14,images/DT43.jpg
1776549.4390029288,14,images/DT44.jpg
1782844.18155838,14,images/DT45.jpg
1738073.9147271428,14,images/DT46.jpg
1772891.5149165513,14,images/DT47.jpg
1761970.2766735535,14,images/DT48.jpg
1771409.277379848,14,images/DT49.jpg
1760497.7676583566,14,images/DT50.jpg
1771223.6571895075,14,images/DT51.jpg
1751201.1925069145,14,images/DT52.jpg
1755512.4840976566,14,images/DT53.jpg
1748371.3601711553,14,images/DT54.jpg
1764127.6736027957,14,images/DT55.jpg
1779627.5432075292,14,images/DT56.jpg
1776072.7414491188,14,images/DT57.jpg
1748474.8716399826,14,images/DT58.jpg
1768045.9329246823,14,images/DT59.jpg
1749325.5335604954,14,images/DT60.jpg
1775154.7581597823,14,images/DT61.jpg
1753385.8292963742,14,images/DT62.jpg
1778643.7951128099,14,images/DT63.jpg
1789128.8064514643,14,images/DT64.jpg
1778229.3600966407,14,images/DT65.jpg
1762604.965416626,14,images/DT66.jpg
1768074.3402074806,14,images/DT67.jpg
1766125.1336384737,14,images/DT68.jpg
1773081.0265154946,14,images/DT69.jpg
1778715.7861719567,14,images/DT70.jpg
1768926.1695505742,14,images/DT71.jpg
1751394.5955144602,14,images/DT72.jpg
1738250.5846776976,14,images/DT73.jpg
1741310.010121006,14,images/DT74.jpg
1773880.7109833143,14,images/DT75.jpg
1771010.7971389492,14,images/DT76.jpg
1768193.0281698578,14,images/DT77.jpg
1785985.3265823412,14,images/DT78.jpg
1761794.3850047193,14,images/DT79.jpg
1744011.815113742,14,images/DT80.jpg
1778176.0477987858,14,images/DT81.jpg
1782263.9725357427,14,images/DT82.jpg
1768309.3812870735,14,images/DT83.jpg
1754013.5135039622,14,images/DT84.jpg
1754794.90835135,14,images/DT85.jpg
1777144.0462373951,14,images/DT86.jpg
1761710.3305789046,14,images/DT87.jpg
1762493.6711305936,14,images/DT88.jpg
1788032.9857889921,14,images/DT89.jpg
1784459.5052692897,14,images/DT90.jpg
1755309.3525686045,14,images/DT91.jpg
1775282.3963619452,14,images/DT92.jpg
1761839.1362036483,14,images/DT93.jpg
1744986.2238278154,14,images/DT94.jpg
1780243.94233017,14,images/DT95.jpg
1751908.261449994,14,images/DT96.jpg
1770126.6691044546,14,images/DT97.jpg
1778769.4876106717,14,images/DT98.jpg
1760287.2424529598,14,images/DT99.jpg
1774009.516608058,14,images/DT100.jpg
1737513.1627475184,14,images/DT101.jpg
1755292.2303707532,14,images/DT102.jpg
1787052.739962015,14,images/DT103.jpg
1762452.811340267,14,images/DT104.jpg
1768559.9880010763,14,images/DT105.jpg
1782405.6198088748,14,images/DT106.jpg
1776793.041181447,14,images/DT107.jpg
1758720.5613495815,14,images/DT108.jpg
1769122.2965441416,14,images/DT109.jpg
1743772.1043438262,14,images/DT110.jpg
1755602.7647772352,14,images/DT111.jpg
1800767.2312999084,14,images/DT112.jpg
1786604.4496910037,14,images/DT113.jpg
1775905.8000200705,14,images/DT114.jpg
1802712.5464603126,14,images/DT115.jpg
1786197.7974920394,14,images/DT116.jpg
1748857.3971056112,14,images/DT117.jpg
1750971.5993993653,14,images/DT118.jpg
1759572.7798335354,14,images/DT119.jpg
1753695.5854211356,14,images/DT120.jpg
1770597.1404045003,14,images/DT121.jpg
1752233.9723500258,14,images/DT122.jpg
1754873.9039459815,14,images/DT123.jpg
1772431.9395605926,14,images/DT124.jpg
1751146.3236456187,14,images/DT125.jpg
1820182.6362405068,14,images/DT126.jpg
1756559.2730117368,14,images/DT127.jpg
1774621.2460403757,14,images/DT128.jpg
1777658.4904546496,14,images/DT129.jpg
1749207.6238798387,14,images/DT130.jpg
1763582.098116721,14,images/DT131.jpg
1772899.2977337565,14,images/DT132.jpg
1787336.8127899996,14,images/DT133.jpg
1775271.8895587185,14,images/DT134.jpg
1767689.8690375506,14,images/DT135.jpg
1754102.2376201,14,images/DT136.jpg
1755802.7831794051,14,images/DT137.jpg
1759683.6849787075,14,images/DT138.jpg
1755489.5247869017,14,images/DT139.jpg
1740235.981346708,14,images/DT140.jpg
1780979.4185560478,14,images/DT141.jpg
1792071.4896366969,14,images/DT142.jpg
1772884.510381067,14,images/DT143.jpg
1777104.7430105095,14,images/DT144.jpg
1764850.6973211456,14,images/DT145.jpg
1791171.0176860716,14,images/DT146.jpg
1770327.465788345,14,images/DT147.jpg
1845771.7609290176,12,images/DT148.jpg
1875184.9728512336,12,images/DT149.jpg
1783109.186484212,12,images/DT150.jpg
1837460.1012948756,12,images/DT151.jpg
1841622.3519361408,12,images/DT152.jpg
1851114.2757994297,12,images/DT153.jpg
1835515.1752753316,12,images/DT154.jpg
1854451.936957819,12,images/DT155.jpg
1805351.6997745477,12,images/DT156.jpg
1795369.8475682004,12,images/DT157.jpg
1828655.7893316536,12,images/DT158.jpg
1862446.4467908547,12,images/DT159.jpg
1849279.4766433372,12,images/DT160.jpg
1865257.9895061818,12,images/DT161.jpg
1844616.7908557868,12,images/DT162.jpg
1829970.6962984481,12,images/DT163.jpg
1801361.0602526541,12,images/DT164.jpg
1829116.9212510532,12,images/DT165.jpg
1796277.32405431,12,images/DT166.jpg
1795581.9293370382,12,images/DT167.jpg
1828681.08348757,12,images/DT168.jpg
1822561.0651783724,12,images/DT169.jpg
1828655.7893316536,12,images/DT170.jpg
1823279.4192063992,12,images/DT171.jpg
1796922.9087414697,12,images/DT172.jpg
1798117.182041586,12,images/DT173.jpg
1829186.5774650385,12,images/DT174.jpg
1811683.799852583,12,images/DT175.jpg
1844972.0764611978,12,images/DT176.jpg
1832475.9851567564,12,images/DT177.jpg
1850463.2431402265,12,images/DT178.jpg
1870719.9706206918,12,images/DT179.jpg
1841691.6190092657,12,images/DT180.jpg
1802270.4824430651,12,images/DT181.jpg
1825478.0650668282,12,images/DT182.jpg
1812201.3571967196,12,images/DT183.jpg
1824522.7242549073,12,images/DT184.jpg
1845934.032667743,12,images/DT185.jpg
1805453.654679934,12,images/DT186.jpg
1797211.6512597774,12,images/DT187.jpg
1834181.5895472448,12,images/DT188.jpg
1905160.8824573755,12,images/DT189.jpg
1839134.963557404,12,images/DT190.jpg
1827885.679569213,12,images/DT191.jpg
1803123.0900678793,12,images/DT192.jpg
1801015.1140278894,12,images/DT193.jpg
1815807.136407823,12,images/DT194.jpg
1852219.4358425478,12,images/DT195.jpg
1824244.4885398266,12,images/DT196.jpg
1829150.387365035,12,images/DT197.jpg
1839578.9732789528,12,images/DT198.jpg
1792135.3087377783,12,images/DT199.jpg
1774718.5312554387,12,images/DT200.jpg
1803453.8597990943,12,images/DT201.jpg
1802311.3422333917,12,images/DT202.jpg
1811530.4783536436,12,images/DT203.jpg
1772159.930099276,12,images/DT204.jpg
1786583.8252254103,12,images/DT205.jpg
1855047.3224740059,12,images/DT206.jpg
1798522.6668179694,12,images/DT207.jpg
1831780.9795803446,12,images/DT208.jpg
1835877.0762753668,12,images/DT209.jpg
1833265.9411030698,12,images/DT210.jpg
1805511.2475272515,12,images/DT211.jpg
1794534.3621412374,12,images/DT212.jpg
1840654.1694758316,12,images/DT213.jpg
1800531.8010794553,12,images/DT214.jpg
1831098.0373706007,12,images/DT215.jpg
1834113.879037561,12,images/DT216.jpg
1850619.288625188,12,images/DT217.jpg
1801058.3086633775,12,images/DT218.jpg
1800574.2174332228,12,images/DT219.jpg
1839768.0957370356,12,images/DT220.jpg
1843355.5853277072,12,images/DT221.jpg
1786987.7534383528,12,images/DT222.jpg
1839374.67432732,12,images/DT223.jpg
1830621.7289576512,12,images/DT224.jpg
1827358.00456271,12,images/DT225.jpg
1817725.2117080095,12,images/DT226.jpg
1820011.4142619953,12,images/DT227.jpg
1838505.722786375,12,images/DT228.jpg
1849037.0418873995,12,images/DT229.jpg
1828997.4550069557,12,images/DT230.jpg
1817532.1978413241,12,images/DT231.jpg
1840757.2918037984,12,images/DT232.jpg
1769745.700202267,12,images/DT233.jpg
1847120.1340097939,12,images/DT234.jpg
1849615.3052057354,12,images/DT235.jpg
1799490.4601374185,12,images/DT236.jpg
1815670.158825014,12,images/DT237.jpg
1853423.4376641705,12,images/DT238.jpg
1769369.0118495421,12,images/DT239.jpg
1795942.6629144927,12,images/DT240.jpg
1808289.7132694572,12,images/DT241.jpg
1857284.1041387396,12,images/DT242.jpg
1778854.3203182067,12,images/DT243.jpg
1820233.2245523396,12,images/DT244.jpg
1833658.584231065,12,images/DT245.jpg
1846881.5906624587,12,images/DT246.jpg
1788674.289926689,12,images/DT247.jpg
1787306.4598029,12,images/DT248.jpg
1816743.0201767313,12,images/DT249.jpg
1869024.4838925698,12,images/DT250.jpg
1797564.991160887,12,images/DT251.jpg
1797728.8194630535,12,images/DT252.jpg
1763444.7313930518,12,images/DT253.jpg
1835036.9211580807,12,images/DT254.jpg
1846669.898034481,12,images/DT255.jpg
1839076.5924283662,12,images/DT256.jpg
1858532.8571592912,12,images/DT257.jpg
1787912.3521223136,12,images/DT258.jpg
1776886.4349879078,12,images/DT259.jpg
1826656.383591674,12,images/DT260.jpg
1815262.7283443292,12,images/DT261.jpg
1821078.0493599486,12,images/DT262.jpg
1840730.441084441,12,images/DT263.jpg
1839891.4533897357,12,images/DT264.jpg
1830487.8645017243,12,images/DT265.jpg
1802967.8228646384,12,images/DT266.jpg
1800300.2622676047,12,images/DT267.jpg
1789600.834314951,12,images/DT268.jpg
1839652.5209015405,12,images/DT269.jpg
1802461.1614645892,12,images/DT270.jpg
1823637.428797832,12,images/DT271.jpg
1798465.073970652,12,images/DT272.jpg
1793387.1748852117,12,images/DT273.jpg
1775450.5052135745,12,images/DT274.jpg
1847148.152151732,12,images/DT275.jpg
1799739.1211471201,12,images/DT276.jpg
1828351.870319796,12,images/DT277.jpg
1817903.4382220055,12,images/DT278.jpg
1789180.951326738,12,images/DT279.jpg
1840860.4141317655,12,images/DT280.jpg
1804737.6354970688,12,images/DT281.jpg
1797311.6604608623,12,images/DT282.jpg
1832691.1800524762,12,images/DT283.jpg
1842852.03705454,12,images/DT284.jpg
1835303.8717882142,12,images/DT285.jpg
1821552.0229277366,12,images/DT286.jpg
1807146.028281174,12,images/DT287.jpg
1851088.2033617927,12,images/DT288.jpg
1830075.3751898562,12,images/DT289.jpg
1814396.5007894062,12,images/DT290.jpg
1794653.8283853352,12,images/DT291.jpg
1833415.3711934069,12,images/DT292.jpg
1786016.4578511615,12,images/DT293.jpg
1836784.941902337,12,images/DT294.jpg
1858286.1418538908,12,images/DT295.jpg
1831680.5812383993,12,images/DT296.jpg
1830516.660925383,12,images/DT297.jpg
1808958.2572673718,12,images/DT298.jpg
1775309.636222163,12,images/DT299.jpg
1836877.557427077,12,images/DT300.jpg
1800262.1264633,12,images/DT301.jpg
1832348.7360954536,12,images/DT302.jpg
1845321.5249537048,12,images/DT303.jpg
1847848.216559327,12,images/DT304.jpg
1830742.3626243295,12,images/DT305.jpg
1820795.1439545448,12,images/DT306.jpg
1847317.8175668023,12,images/DT307.jpg
1798967.4548212385,12,images/DT308.jpg
1847452.0711635896,12,images/DT309.jpg
1777263.5124814927,12,images/DT310.jpg
1865423.7635126496,12,images/DT311.jpg
1836350.6607022944,12,images/DT312.jpg
1852413.6171318141,12,images/DT313.jpg
1799976.8862127345,12,images/DT314.jpg
1795741.0879488818,12,images/DT315.jpg
1794862.4078864306,12,images/DT316.jpg
1776152.5153254708,12,images/DT317.jpg
1804899.5180949338,12,images/DT318.jpg
1833726.2947407488,12,images/DT319.jpg
1813651.2960420218,12,images/DT320.jpg
1839348.601889683,12,images/DT321.jpg
1861963.9121241411,12,images/DT322.jpg
1836756.5346195383,12,images/DT323.jpg
1816951.5996778267,12,images/DT324.jpg
1794253.402440135,12,images/DT325.jpg
1848764.6432852226,12,images/DT326.jpg
1828192.7117079527,12,images/DT327.jpg
1971222.6023164901,10,images/DT328.jpg
1934739.4792451991,10,images/DT329.jpg
1901617.3657839124,10,images/DT330.jpg
1923714.3403925137,10,images/DT331.jpg
1944401.8468052787,10,images/DT332.jpg
1884587.005175804,10,images/DT333.jpg
1912400.4590215206,10,images/DT334.jpg
1929009.7692188353,10,images/DT335.jpg
1927129.440582093,10,images/DT336.jpg
1901617.3657839124,10,images/DT337.jpg
1941502.7473963946,10,images/DT338.jpg
1919698.0175738432,10,images/DT339.jpg
1874284.8900414687,10,images/DT340.jpg
1911520.2223956285,10,images/DT341.jpg
1922680.3931268216,10,images/DT342.jpg
1940399.5330575777,10,images/DT343.jpg
1941048.6200124794,10,images/DT344.jpg
1843008.4716803615,10,images/DT345.jpg
1919671.1668544859,10,images/DT346.jpg
1895275.926325231,10,images/DT347.jpg
1947968.3227894967,10,images/DT348.jpg
1852070.7840339313,10,images/DT349.jpg
1933444.4184622774,10,images/DT350.jpg
1893354.3487573022,10,images/DT351.jpg
1922680.3931268216,10,images/DT352.jpg
1903279.775538913,10,images/DT353.jpg
1903073.5308829788,10,images/DT354.jpg
1910774.6285073839,10,images/DT355.jpg
1928103.8492961663,10,images/DT356.jpg
1935361.7154807434,10,images/DT357.jpg
1957105.350188235,10,images/DT358.jpg
1932768.480788018,10,images/DT359.jpg
1900801.3373999621,10,images/DT360.jpg
1921246.79819765,10,images/DT361.jpg
1884587.005175804,10,images/DT362.jpg
1933903.6046773759,10,images/DT363.jpg
1937546.7414110636,10,images/DT364.jpg
1946098.1118151213,10,images/DT365.jpg
1855903.4323665623,10,images/DT366.jpg
1902014.2894613703,10,images/DT367.jpg
1960564.8124358833,10,images/DT368.jpg
2001438.611833408,10,images/DT369.jpg
1891836.6994023158,10,images/DT370.jpg
1869171.5791377453,10,images/DT371.jpg
1922496.329499922,10,images/DT372.jpg
1914957.5036142424,10,images/DT373.jpg
1918544.2149231934,10,images/DT374.jpg
1948703.4098745144,10,images/DT375.jpg
1919682.4519394333,10,images/DT376.jpg
1910299.487517015,10,images/DT377.jpg
1912805.943797904,10,images/DT378.jpg
1927352.4182950181,10,images/DT379.jpg
1927948.9712337859,10,images/DT380.jpg
1980528.9059894383,10,images/DT381.jpg
1912273.9882419384,10,images/DT382.jpg
1927565.6674864367,10,images/DT383.jpg
1932528.7700181024,10,images/DT384.jpg
1916010.907922947,10,images/DT385.jpg
1910541.5331320923,10,images/DT386.jpg
1917152.2580660689,10,images/DT387.jpg
1918060.123693039,10,images/DT388.jpg
1903667.3598357248,10,images/DT389.jpg
1946098.1118151213,10,images/DT390.jpg
1892096.2563561045,10,images/DT391.jpg
1937620.2890336514,10,images/DT392.jpg
1958382.1213507247,10,images/DT393.jpg
1918544.2149231934,10,images/DT394.jpg
1903570.4637615217,10,images/DT395.jpg
1949401.9177186685,10,images/DT396.jpg
1910705.361434259,10,images/DT397.jpg
1897845.423425481,10,images/DT398.jpg
1934797.850374237,10,images/DT399.jpg
1951733.2606124436,10,images/DT400.jpg
1926735.6300315172,10,images/DT401.jpg
1931321.2659287376,10,images/DT402.jpg
1904567.0535046295,10,images/DT403.jpg
1920840.1459986856,10,images/DT404.jpg
1905213.4164735095,10,images/DT405.jpg
1872506.905450973,10,images/DT406.jpg
1892155.405766863,10,images/DT407.jpg
1952687.0448609234,10,images/DT408.jpg
1897240.3093877877,10,images/DT409.jpg
1914542.6794572128,10,images/DT410.jpg
1909209.1148265863,10,images/DT411.jpg
1889332.1888257281,10,images/DT412.jpg
1953732.6663524231,10,images/DT413.jpg
1909841.4687244974,10,images/DT414.jpg
1945067.2776763113,10,images/DT415.jpg
1938023.4389648733,10,images/DT416.jpg
1937211.3019895256,10,images/DT417.jpg
1935361.7154807434,10,images/DT418.jpg
1938145.2400541324,10,images/DT419.jpg
1916983.7600735794,10,images/DT420.jpg
1902322.878163551,10,images/DT421.jpg
1937432.7231390094,10,images/DT422.jpg
1898384.3835169312,10,images/DT423.jpg
1920715.2317825444,10,images/DT424.jpg
1921751.9030342582,10,images/DT425.jpg
1932269.6022051738,10,images/DT426.jpg
1922446.5194698097,10,images/DT427.jpg
1944619.37654616,10,images/DT428.jpg
1928296.863162852,10,images/DT429.jpg
1926207.9550250142,10,images/DT430.jpg
1899313.262750355,10,images/DT431.jpg
1953536.5393588555,10,images/DT432.jpg
1918491.291766199,10,images/DT433.jpg
1927624.427756335,10,images/DT434.jpg
1906422.4771263155,10,images/DT435.jpg
1909440.2644975767,10,images/DT436.jpg
1897577.694513627,10,images/DT437.jpg
1931870.3436825543,10,images/DT438.jpg
1898704.6464449195,10,images/DT439.jpg
1909205.6125588443,10,images/DT440.jpg
1905160.8824573755,10,images/DT441.jpg
1914350.4438722478,10,images/DT442.jpg
1911341.6067407725,10,images/DT443.jpg
1903073.5308829788,10,images/DT444.jpg
1916828.4928703385,10,images/DT445.jpg
1942260.7937921672,10,images/DT446.jpg
1916209.7589025362,10,images/DT447.jpg
1929150.2490693866,10,images/DT448.jpg
1931685.112633074,10,images/DT449.jpg
1935672.6390280856,10,images/DT450.jpg
1872495.2312251655,10,images/DT451.jpg
1899470.8647987575,10,images/DT452.jpg
1908285.294424346,10,images/DT453.jpg
1926306.7968035184,10,images/DT454.jpg
1927229.449783178,10,images/DT455.jpg
1953536.5393588555,10,images/DT456.jpg
1870296.5853647366,10,images/DT457.jpg
1846516.9656764017,10,images/DT458.jpg
1910950.131035358,10,images/DT459.jpg
1876444.232675012,10,images/DT460.jpg
1916965.0813122871,10,images/DT461.jpg
1939868.3557833324,10,images/DT462.jpg
1891581.0338571297,10,images/DT463.jpg
1917249.1541402717,10,images/DT464.jpg
1895175.1388424255,10,images/DT465.jpg
1861400.4361584948,10,images/DT466.jpg
1944924.8521214586,10,images/DT467.jpg
1870798.1879336026,10,images/DT468.jpg
1900174.0423332343,10,images/DT469.jpg
1910487.8316933776,10,images/DT470.jpg
1932433.04136648,10,images/DT471.jpg
1963294.6355705576,10,images/DT472.jpg
1955701.7191053028,10,images/DT473.jpg
1910976.5926138551,10,images/DT474.jpg
1967844.8596494948,10,images/DT475.jpg
1952687.0448609234,10,images/DT476.jpg
1902852.8880152155,10,images/DT477.jpg
1928944.3935543126,10,images/DT478.jpg
1942067.0016437613,10,images/DT479.jpg
1868915.9135925593,10,images/DT480.jpg
1938046.7874164886,10,images/DT481.jpg
1936256.739459325,10,images/DT482.jpg
1886806.6646426867,10,images/DT483.jpg
1923361.3896322642,10,images/DT484.jpg
1912337.4182021597,10,images/DT485.jpg
1856044.690498834,10,images/DT486.jpg
1876314.6487685477,10,images/DT487.jpg
1916668.9451176347,10,images/DT488.jpg
1911563.4170311166,10,images/DT489.jpg
1929421.869389843,10,images/DT490.jpg
1905159.3258939344,10,images/DT491.jpg
1883928.5788402562,10,images/DT492.jpg
1935645.3991678678,10,images/DT493.jpg
1916397.3247971782,10,images/DT494.jpg
1922956.293996741,10,images/DT495.jpg
1905910.3677542226,10,images/DT496.jpg
1920459.177096498,10,images/DT497.jpg
1908285.294424346,10,images/DT498.jpg
1904400.8903573016,10,images/DT499.jpg
1945214.3729214869,10,images/DT500.jpg
1956612.6978591548,10,images/DT501.jpg
1950239.7379907928,10,images/DT502.jpg
1918353.5359016696,10,images/DT503.jpg
1862636.3475306581,10,images/DT504.jpg
1909412.6354964988,10,images/DT505.jpg
1854929.8019342094,10,images/DT506.jpg
1917716.1231725754,10,images/DT507.jpg
1811514.9127192334,8,images/DT508.jpg
1917671.7611145065,8,images/DT509.jpg
1870644.8664346628,8,images/DT510.jpg
1851490.9641521545,8,images/DT511.jpg
1807311.8022876417,8,images/DT512.jpg
1835422.170609731,8,images/DT513.jpg
1815948.0053992346,8,images/DT514.jpg
1813409.2504269446,8,images/DT515.jpg
1873648.2555940947,8,images/DT516.jpg
1846915.4459173006,8,images/DT517.jpg
1860254.8054659101,8,images/DT518.jpg
1809966.9103771474,8,images/DT519.jpg
1836036.2348872102,8,images/DT520.jpg
1813601.4860119096,8,images/DT521.jpg
1918859.8081608587,8,images/DT522.jpg
1840867.02952639,8,images/DT523.jpg
1850818.5287456375,8,images/DT524.jpg
1858387.3184775566,8,images/DT525.jpg
1870425.00184862,8,images/DT526.jpg
1879890.0749925515,8,images/DT527.jpg
1893733.7610960489,8,images/DT528.jpg
1824495.0952538294,8,images/DT529.jpg
1862836.7550736882,8,images/DT530.jpg
1878890.761263422,8,images/DT531.jpg
1925737.0945841083,8,images/DT532.jpg
1874290.338013512,8,images/DT533.jpg
1772131.1336756172,8,images/DT534.jpg
1875402.1134512548,8,images/DT535.jpg
1829521.238604856,8,images/DT536.jpg
1914275.7288270793,8,images/DT537.jpg
1914326.7062797726,8,images/DT538.jpg
1784745.9129424358,8,images/DT539.jpg
1822383.2278052368,8,images/DT540.jpg
1856919.8682935429,8,images/DT541.jpg
1867397.0968149921,8,images/DT542.jpg
1875953.526050233,8,images/DT543.jpg
1854706.8242212846,8,images/DT544.jpg
1781607.491904496,8,images/DT545.jpg
1874681.035437206,8,images/DT546.jpg
1818699.6204220827,8,images/DT547.jpg
1805749.4017337263,8,images/DT548.jpg
1914216.1902754607,8,images/DT549.jpg
1861713.305410138,8,images/DT550.jpg
1815064.6556464604,8,images/DT551.jpg
1861317.1600144007,8,images/DT552.jpg
1855453.1963912495,8,images/DT553.jpg
1890291.4210462514,8,images/DT554.jpg
1821757.10016109,8,images/DT555.jpg
1837530.9249314417,8,images/DT556.jpg
1792347.7796474763,8,images/DT557.jpg
1753885.486160939,8,images/DT558.jpg
1891721.9028485413,8,images/DT559.jpg
1865926.5335040963,8,images/DT560.jpg
1914876.1731744495,8,images/DT561.jpg
1882358.784609996,8,images/DT562.jpg
1913804.479245313,8,images/DT563.jpg
1880058.1838441808,8,images/DT564.jpg
1904349.5237637481,8,images/DT565.jpg
1836454.1721711217,8,images/DT566.jpg
1903701.2150905668,8,images/DT567.jpg
1837713.8211357605,8,images/DT568.jpg
1918343.418239303,8,images/DT569.jpg
1759147.838014139,8,images/DT570.jpg
1858128.150664628,8,images/DT571.jpg
1888456.621890159,8,images/DT572.jpg
1800304.1536762074,8,images/DT573.jpg
1900634.3959709136,8,images/DT574.jpg
1844244.772193385,8,images/DT575.jpg
1785989.607131804,8,images/DT576.jpg
1810122.5667212484,8,images/DT577.jpg
1879244.8794462522,8,images/DT578.jpg
1872162.5157896492,8,images/DT579.jpg
1803566.7106485676,8,images/DT580.jpg
1829143.3828295504,8,images/DT581.jpg
1839030.6738068564,8,images/DT582.jpg
1774030.5302145116,8,images/DT583.jpg
1854627.8286266532,8,images/DT584.jpg
1860254.8054659101,8,images/DT585.jpg
1848532.3261916516,8,images/DT586.jpg
1856813.6328386937,8,images/DT587.jpg
1923097.941269873,8,images/DT588.jpg
1857596.973390383,8,images/DT589.jpg
1854290.4435008138,8,images/DT590.jpg
1879900.9709366385,8,images/DT591.jpg
1867457.0245074711,8,images/DT592.jpg
1879283.0152505569,8,images/DT593.jpg
1798674.4317534682,8,images/DT594.jpg
1784867.714031695,8,images/DT595.jpg
1893527.9055809749,8,images/DT596.jpg
1858642.2057410222,8,images/DT597.jpg
1912035.8340354636,8,images/DT598.jpg
1893551.2540325902,8,images/DT599.jpg
1875402.1134512548,8,images/DT600.jpg
1860643.1680444425,8,images/DT601.jpg
1799930.9675912247,8,images/DT602.jpg
1875953.526050233,8,images/DT603.jpg
1888446.5042277924,8,images/DT604.jpg
1893733.7610960489,8,images/DT605.jpg
1789386.4177009517,8,images/DT606.jpg
1907470.8226038367,8,images/DT607.jpg
1863204.104045767,8,images/DT608.jpg
1871266.713529347,8,images/DT609.jpg
1809538.8554308692,8,images/DT610.jpg
1864339.617075985,8,images/DT611.jpg
1894887.9528875588,8,images/DT612.jpg
1908625.403536207,8,images/DT613.jpg
1838980.0854950235,8,images/DT614.jpg
1832379.4782234137,8,images/DT615.jpg
1825250.8068044404,8,images/DT616.jpg
1807311.8022876417,8,images/DT617.jpg
1880418.1391399147,8,images/DT618.jpg
1896763.611833978,8,images/DT619.jpg
1783444.2367648897,8,images/DT620.jpg
1772912.528523005,8,images/DT621.jpg
1862879.5605683161,8,images/DT622.jpg
1815913.371862672,8,images/DT623.jpg
1814748.673267935,8,images/DT624.jpg
1865181.7178975723,8,images/DT625.jpg
1898107.7043652914,8,images/DT626.jpg
1900140.5762192525,8,images/DT627.jpg
1888128.5761449658,8,images/DT628.jpg
1781961.9992281864,8,images/DT629.jpg
1902315.0953463458,8,images/DT630.jpg
1817276.532296138,8,images/DT631.jpg
1840254.1326714915,8,images/DT632.jpg
1918880.432626452,8,images/DT633.jpg
1861014.408425124,8,images/DT634.jpg
1778521.2157418302,8,images/DT635.jpg
1852332.2866920212,8,images/DT636.jpg
1854566.7335115934,8,images/DT637.jpg
1860211.2216895618,8,images/DT638.jpg
1898144.6727470155,8,images/DT639.jpg
1852090.241076944,8,images/DT640.jpg
1911084.7737730055,8,images/DT641.jpg
1863650.0594716168,8,images/DT642.jpg
1862836.7550736882,8,images/DT643.jpg
1813626.780167826,8,images/DT644.jpg
1820973.7596094008,8,images/DT645.jpg
1790754.2478247406,8,images/DT646.jpg
1885968.455229702,8,images/DT647.jpg
1856694.9448763167,8,images/DT648.jpg
1805620.9852498427,8,images/DT649.jpg
1874504.7546275116,8,images/DT650.jpg
1902060.9863646007,8,images/DT651.jpg
1865637.0127040683,8,images/DT652.jpg
1871331.310912149,8,images/DT653.jpg
1804770.32332933,8,images/DT654.jpg
1792054.3674388456,8,images/DT655.jpg
1949570.8048520181,8,images/DT656.jpg
1795818.526980072,8,images/DT657.jpg
1854706.8242212846,8,images/DT658.jpg
1853000.8306899357,8,images/DT659.jpg
1835884.8590925718,8,images/DT660.jpg
1868306.129864543,8,images/DT661.jpg
1812179.176167685,8,images/DT662.jpg
1830039.963371573,8,images/DT663.jpg
1815913.371862672,8,images/DT664.jpg
1824495.0952538294,8,images/DT665.jpg
1842634.5073136585,8,images/DT666.jpg
1857471.6700333813,8,images/DT667.jpg
1871299.012220748,8,images/DT668.jpg
1823162.6769483234,8,images/DT669.jpg
1855874.2468020432,8,images/DT670.jpg
1857471.6700333813,8,images/DT671.jpg
1838895.2527874883,8,images/DT672.jpg
1824380.2987000549,8,images/DT673.jpg
1878819.1593451356,8,images/DT674.jpg
1874955.3797436843,8,images/DT675.jpg
1874308.2384930837,8,images/DT676.jpg
1895187.2022090934,8,images/DT677.jpg
1870658.0972239114,8,images/DT678.jpg
1882840.9301358494,8,images/DT679.jpg
1899854.1685461064,8,images/DT680.jpg
1755630.7829191734,8,images/DT681.jpg
1918258.974672628,8,images/DT682.jpg
1817340.3513972193,8,images/DT683.jpg
1841411.4375898836,8,images/DT684.jpg
1889822.895450507,8,images/DT685.jpg
1829862.1259984376,8,images/DT686.jpg
1834762.1877107422,8,images/DT687.jpg
2040007.1407747942,4,images/DT688.jpg
2032332.5047288863,4,images/DT689.jpg
2045423.2032677943,4,images/DT690.jpg
2022738.2368193509,4,images/DT691.jpg
2042777.0454180744,4,images/DT692.jpg
1995029.8510059027,4,images/DT693.jpg
2020549.7086212884,4,images/DT694.jpg
2008532.2605749583,4,images/DT695.jpg
2056795.4557678252,4,images/DT696.jpg
1973660.5698059746,4,images/DT697.jpg
2040813.051496378,4,images/DT698.jpg
2041886.3019889556,4,images/DT699.jpg
1982513.9135175885,4,images/DT700.jpg
2034057.1770215272,4,images/DT701.jpg
2035338.6178743402,4,images/DT702.jpg
2107504.790408242,4,images/DT703.jpg
2019600.5940631316,4,images/DT704.jpg
2091781.164808863,4,images/DT705.jpg
2071479.6861294687,4,images/DT706.jpg
2023642.6001785786,4,images/DT707.jpg
2029786.3560802515,4,images/DT708.jpg
2047606.2834938131,4,images/DT709.jpg
2040778.4179598156,4,images/DT710.jpg
1998796.734533151,4,images/DT711.jpg
2070275.6843078462,4,images/DT712.jpg
2072343.5788392301,4,images/DT713.jpg
1914128.6335819038,4,images/DT714.jpg
2075343.46573092,4,images/DT715.jpg
2054351.651165437,4,images/DT716.jpg
2012672.330187189,4,images/DT717.jpg
2046233.783679701,4,images/DT718.jpg
2064116.7519126234,4,images/DT719.jpg
2098753.0124611543,4,images/DT720.jpg
2036428.2122830483,4,images/DT721.jpg
2090152.2211678443,4,images/DT722.jpg
2102169.6692141746,4,images/DT723.jpg
1992459.5756239323,4,images/DT724.jpg
2030320.646481379,4,images/DT725.jpg
2040600.9697275402,4,images/DT726.jpg
2023056.5540430378,4,images/DT727.jpg
2031858.9203019587,4,images/DT728.jpg
2023013.3594075497,4,images/DT729.jpg
2029604.6272985134,4,images/DT730.jpg
2028964.8797242576,4,images/DT731.jpg
2054930.6927654934,4,images/DT732.jpg
2007474.5757167907,4,images/DT733.jpg
2073947.2283243325,4,images/DT734.jpg
2029610.075270557,4,images/DT735.jpg
2027835.2038069435,4,images/DT736.jpg
2102288.7463174122,4,images/DT737.jpg
1976707.931882615,4,images/DT738.jpg
1964453.4970523906,4,images/DT739.jpg
1885109.6213511238,4,images/DT740.jpg
1964453.4970523906,4,images/DT741.jpg
2025703.4901744782,4,images/DT742.jpg
1937492.261690628,4,images/DT743.jpg
2025464.946827143,4,images/DT744.jpg
2096279.6331533866,4,images/DT745.jpg
1930388.8844275714,4,images/DT746.jpg
2091119.6253464331,4,images/DT747.jpg
2051948.317212515,4,images/DT748.jpg
1973321.6281166943,4,images/DT749.jpg
2044730.9216774043,4,images/DT750.jpg
2011876.5371279716,4,images/DT751.jpg
2049486.222989695,4,images/DT752.jpg
1938290.778735867,4,images/DT753.jpg
2069516.4704894929,4,images/DT754.jpg
2053137.1425405876,4,images/DT755.jpg
2047273.5680582968,4,images/DT756.jpg
2036017.2795346212,4,images/DT757.jpg
2000525.2982343943,4,images/DT758.jpg
2037027.1000669776,4,images/DT759.jpg
2059870.0577046834,4,images/DT760.jpg
2032209.9253579066,4,images/DT761.jpg
2027839.095215546,4,images/DT762.jpg
1999634.165664415,4,images/DT763.jpg
2020791.754236366,4,images/DT764.jpg
1968440.2451656817,4,images/DT765.jpg
2034057.1770215272,4,images/DT766.jpg
2059102.6719282647,4,images/DT767.jpg
2025471.5622217674,4,images/DT768.jpg
2045207.619231214,4,images/DT769.jpg
2018806.3575673555,4,images/DT770.jpg
2032685.844629996,4,images/DT771.jpg
2038673.1659058472,4,images/DT772.jpg
2023544.9258226552,4,images/DT773.jpg
1997455.7551287194,4,images/DT774.jpg
2077159.1969848599,4,images/DT775.jpg
2051059.9086285576,4,images/DT776.jpg
2111714.516234458,4,images/DT777.jpg
2043484.8926428745,4,images/DT778.jpg
2057166.6961485066,4,images/DT779.jpg
1958538.1668356862,4,images/DT780.jpg
2033655.5836537462,4,images/DT781.jpg
2015271.012851958,4,images/DT782.jpg
1995689.4447640313,4,images/DT783.jpg
2036111.8407636627,4,images/DT784.jpg
2076889.1332278445,4,images/DT785.jpg
2070678.0559573479,4,images/DT786.jpg
2005907.116331692,4,images/DT787.jpg
2028907.2868769402,4,images/DT788.jpg
2029190.5814232044,4,images/DT789.jpg
2104885.87241874,4,images/DT790.jpg
2003432.9587422041,4,images/DT791.jpg
2049810.3773262855,4,images/DT792.jpg
2055144.331097772,4,images/DT793.jpg
2022909.0696570019,4,images/DT794.jpg
2090309.4340753865,4,images/DT795.jpg
2059415.541179908,4,images/DT796.jpg
2088478.9154687568,4,images/DT797.jpg
2054620.1583590114,4,images/DT798.jpg
1999302.2285106194,4,images/DT799.jpg
2027940.660980072,4,images/DT800.jpg
2030495.7598684926,4,images/DT801.jpg
2072538.538410217,4,images/DT802.jpg
1957528.3463033298,4,images/DT803.jpg
2074606.822082461,4,images/DT804.jpg
2028190.4894123543,4,images/DT805.jpg
1976953.868906295,4,images/DT806.jpg
2055538.9199300685,4,images/DT807.jpg
2057166.6961485066,4,images/DT808.jpg
1999036.4453030666,4,images/DT809.jpg
2065516.102446093,4,images/DT810.jpg
2025765.3635712583,4,images/DT811.jpg
2074076.0339490762,4,images/DT812.jpg
2077819.569024709,4,images/DT813.jpg
1969336.8257077045,4,images/DT814.jpg
2036017.2795346212,4,images/DT815.jpg
2027940.660980072,4,images/DT816.jpg
2083667.1887317295,4,images/DT817.jpg
1987807.785780469,4,images/DT818.jpg
2030256.438239437,4,images/DT819.jpg
2039780.660794127,4,images/DT820.jpg
2034617.5398602914,4,images/DT821.jpg
2014453.4279045665,4,images/DT822.jpg
1997029.256745882,4,images/DT823.jpg
1943340.270538509,4,images/DT824.jpg
1991695.3029743957,4,images/DT825.jpg
1996352.151649042,4,images/DT826.jpg
2050599.1658500182,4,images/DT827.jpg
2016372.2814864735,4,images/DT828.jpg
2027013.7274509496,4,images/DT829.jpg
1973915.0679285799,4,images/DT830.jpg
2010397.8018590107,4,images/DT831.jpg
2102288.7463174122,4,images/DT832.jpg
2109732.62183319,4,images/DT833.jpg
2091444.168823884,4,images/DT834.jpg
2026397.3283283089,4,images/DT835.jpg
2041685.8944459253,4,images/DT836.jpg
2056407.8714710134,4,images/DT837.jpg
2054351.651165437,4,images/DT838.jpg
2024276.8997807908,4,images/DT839.jpg
2049467.933369263,4,images/DT840.jpg
2030321.8139039595,4,images/DT841.jpg
2023654.2744043863,4,images/DT842.jpg
1959897.4358605496,4,images/DT843.jpg
1966960.7316150002,2,images/DT844.jpg
1929503.199829636,2,images/DT845.jpg
1938065.0770369205,2,images/DT846.jpg
1940650.5289124406,2,images/DT847.jpg
1903017.4945991023,2,images/DT848.jpg
1899176.285167546,2,images/DT849.jpg
1908154.9322361613,2,images/DT850.jpg
1839418.6472445284,2,images/DT851.jpg
1918434.8663414624,2,images/DT852.jpg
1916536.2480842886,2,images/DT853.jpg
1943353.112186897,2,images/DT854.jpg
1936861.4643561582,2,images/DT855.jpg
2004738.915469213,2,images/DT856.jpg
1944705.7658171363,2,images/DT857.jpg
1919538.4698211397,2,images/DT858.jpg
1936928.0074432613,2,images/DT859.jpg
1947426.6387120245,2,images/DT860.jpg
1809330.2759297735,2,images/DT861.jpg
1872430.2447015033,2,images/DT862.jpg
1824983.0778925866,2,images/DT863.jpg
1902455.186056037,2,images/DT864.jpg
1928112.410395092,2,images/DT865.jpg
1985066.6775608475,2,images/DT866.jpg
1971684.5125176103,2,images/DT867.jpg
1999302.2285106194,2,images/DT868.jpg
1962083.6292134505,2,images/DT869.jpg
1955937.1493257557,2,images/DT870.jpg
1933587.6222988504,2,images/DT871.jpg
1988844.4570321827,2,images/DT872.jpg
1869563.44398402,2,images/DT873.jpg
1754196.409708281,2,images/DT874.jpg
1792804.241876553,2,images/DT875.jpg
1984021.4452102082,2,images/DT876.jpg
1770666.018336765,2,images/DT877.jpg
1949947.8823456033,2,images/DT878.jpg
1865326.0891567261,2,images/DT879.jpg
1853907.528894325,2,images/DT880.jpg
1970888.3303175329,2,images/DT881.jpg
1830982.8516759658,2,images/DT882.jpg
1953152.846470646,2,images/DT883.jpg
1917535.9509542782,2,images/DT884.jpg
1928096.0664789614,2,images/DT885.jpg
1875907.9965695834,2,images/DT886.jpg
1894639.2918778572,2,images/DT887.jpg
1824964.0099904342,2,images/DT888.jpg
1897022.3905060461,2,images/DT889.jpg
1957778.1747356122,2,images/DT890.jpg
1890792.6344742572,2,images/DT891.jpg
1947662.8472141982,2,images/DT892.jpg
1726983.789350795,2,images/DT893.jpg
1935257.4257301956,2,images/DT894.jpg
1896814.9784275312,2,images/DT895.jpg
2002696.3150937452,2,images/DT896.jpg
1919665.329741582,2,images/DT897.jpg
2054175.3703557423,2,images/DT898.jpg
1902184.7331581612,2,images/DT899.jpg
1721094.5315717277,2,images/DT900.jpg
1978351.2737354632,2,images/DT901.jpg
1959101.253660472,2,images/DT902.jpg
1957605.7853345203,2,images/DT903.jpg
2009632.361786893,2,images/DT904.jpg
1825646.952200178,2,images/DT905.jpg
1913807.203231335,2,images/DT906.jpg
1913058.8853570684,2,images/DT907.jpg
1928112.410395092,2,images/DT908.jpg
1922875.7418386687,2,images/DT909.jpg
1906390.5675757746,2,images/DT910.jpg
1765834.445415865,2,images/DT911.jpg
1902941.612131353,2,images/DT912.jpg
1726763.535623892,2,images/DT913.jpg
1940422.1032274722,2,images/DT914.jpg
1948987.8718433592,2,images/DT915.jpg
1936861.4643561582,2,images/DT916.jpg
1810328.8113771826,2,images/DT917.jpg
1945031.0875763078,2,images/DT918.jpg
1812585.050084929,2,images/DT919.jpg
1933374.762248292,2,images/DT920.jpg
1774524.3499661726,2,images/DT921.jpg
1761163.198529389,2,images/DT922.jpg
1968009.4662333818,2,images/DT923.jpg
1966564.975360123,2,images/DT924.jpg
1802798.1574495682,2,images/DT925.jpg
1841357.3470103084,2,images/DT926.jpg
1884063.610718764,2,images/DT927.jpg
1758345.0404194375,2,images/DT928.jpg
1813131.0147118636,2,images/DT929.jpg
1785749.507221028,2,images/DT930.jpg
2017537.3692220708,2,images/DT931.jpg
1934924.321153819,2,images/DT932.jpg
1977807.2548128294,2,images/DT933.jpg
1921540.2104062806,2,images/DT934.jpg
1908384.9144845707,2,images/DT935.jpg
1897476.9070308215,2,images/DT936.jpg
1976189.207115898,2,images/DT937.jpg
1875160.0678361773,2,images/DT938.jpg
2039858.0998253173,2,images/DT939.jpg
1928295.6957402711,2,images/DT940.jpg
1777418.0014030132,2,images/DT941.jpg
1874998.5743791724,2,images/DT942.jpg
1806902.4261026557,2,images/DT943.jpg
1734637.8009311096,2,images/DT944.jpg
1850786.2300542365,2,images/DT945.jpg
1824000.1080795878,2,images/DT946.jpg
1861477.0969079647,2,images/DT947.jpg
1866959.7024880678,2,images/DT948.jpg
1870054.150608799,2,images/DT949.jpg
1888788.1699030946,2,images/DT950.jpg
1907292.2069489807,2,images/DT951.jpg
1805305.781153038,2,images/DT952.jpg
1902142.3168043937,2,images/DT953.jpg
1829798.6960382164,2,images/DT954.jpg
1952074.5371468854,2,images/DT955.jpg
1987486.7445707603,2,images/DT956.jpg
1927437.2510025532,2,images/DT957.jpg
1894155.9789294233,2,images/DT958.jpg
1962106.1993833452,2,images/DT959.jpg
1860470.00036163,2,images/DT960.jpg
1909185.377234111,2,images/DT961.jpg
1955941.4298752185,2,images/DT962.jpg
1945652.934670992,2,images/DT963.jpg
1853065.4280727378,2,images/DT964.jpg
1848333.4752120625,2,images/DT965.jpg
1931981.6379685868,2,images/DT966.jpg
1905443.0095810588,2,images/DT967.jpg
1981328.590457258,2,images/DT968.jpg
1877198.387662182,2,images/DT969.jpg
1807411.0332070063,2,images/DT970.jpg
1907961.1400877554,2,images/DT971.jpg
1997855.0136513389,2,images/DT972.jpg
1850232.0934692363,2,images/DT973.jpg
1759738.1646991428,2,images/DT974.jpg
1866746.064155789,2,images/DT975.jpg
1829953.9632414572,2,images/DT976.jpg
1784550.9533714491,2,images/DT977.jpg
1895653.7821005366,2,images/DT978.jpg
1742268.8532006692,2,images/DT979.jpg
1927280.0380950111,2,images/DT980.jpg
1730196.5362930433,2,images/DT981.jpg
1932864.2094396402,2,images/DT982.jpg
1974515.51227595,2,images/DT983.jpg
1970138.0667389652,2,images/DT984.jpg
1904323.451326111,2,images/DT985.jpg
1851445.0455306447,2,images/DT986.jpg
2079771.4995797377,2,images/DT987.jpg
1909202.4994319621,2,images/DT988.jpg
1950567.394595126,2,images/DT989.jpg
1915307.73038847,6,images/DT990.jpg
2007380.0144877494,6,images/DT991.jpg
1977560.539507429,6,images/DT992.jpg
1819414.0830415073,6,images/DT993.jpg
1934291.578115048,6,images/DT994.jpg
1838091.2877702059,6,images/DT995.jpg
1812915.819816144,6,images/DT996.jpg
1905197.072557379,6,images/DT997.jpg
1994114.591702588,6,images/DT998.jpg
1997484.551552378,6,images/DT999.jpg
1974903.4857136223,6,images/DT1000.jpg
1925051.0392474823,6,images/DT1001.jpg
1875445.697227603,6,images/DT1002.jpg
1860779.3673455312,6,images/DT1003.jpg
1984738.6318156542,6,images/DT1004.jpg
1869442.4211764815,6,images/DT1005.jpg
1966743.9801558394,6,images/DT1006.jpg
1845862.8198903166,6,images/DT1007.jpg
1878560.7698139276,6,images/DT1008.jpg
2007955.9429609235,6,images/DT1009.jpg
1848872.4353035127,6,images/DT1010.jpg
1857628.1046592032,6,images/DT1011.jpg
2016846.2550542615,6,images/DT1012.jpg
2008976.659437367,6,images/DT1013.jpg
1986025.5206405106,6,images/DT1014.jpg
1883661.6282101227,6,images/DT1015.jpg
1944083.1404407315,6,images/DT1016.jpg
1937789.5653078614,6,images/DT1017.jpg
1833026.2303331539,6,images/DT1018.jpg
1853841.7640889422,6,images/DT1019.jpg
2065000.879947118,6,images/DT1020.jpg
1898719.0446567489,6,images/DT1021.jpg
1818845.937385538,6,images/DT1022.jpg
1859636.8497798287,6,images/DT1023.jpg
1896697.8470285952,6,images/DT1024.jpg
1936198.7574711475,6,images/DT1025.jpg
1921149.1238417265,6,images/DT1026.jpg
1880774.203027046,6,images/DT1027.jpg
1937449.0670551402,6,images/DT1028.jpg
1923722.1232097186,6,images/DT1029.jpg
1950570.8968628682,6,images/DT1030.jpg
1992020.2355927068,6,images/DT1031.jpg
1876035.2456308862,6,images/DT1032.jpg
1865158.3694459572,6,images/DT1033.jpg
1985473.7189006722,6,images/DT1034.jpg
2000870.4661774386,6,images/DT1035.jpg
1877556.0081127547,6,images/DT1036.jpg
1901750.0628172588,6,images/DT1037.jpg
1835021.7446645307,6,images/DT1038.jpg
1845579.5253440526,6,images/DT1039.jpg
1906709.2739403218,6,images/DT1040.jpg
2007455.5078146383,6,images/DT1041.jpg
1985062.786152245,6,images/DT1042.jpg
1834697.20118708,6,images/DT1043.jpg
1835951.402179675,6,images/DT1044.jpg
2021424.497275137,6,images/DT1045.jpg
1997588.841302926,6,images/DT1046.jpg
1906288.6126703883,6,images/DT1047.jpg
1871191.220202458,6,images/DT1048.jpg
1926685.8200014047,6,images/DT1049.jpg
1842949.7114104633,6,images/DT1050.jpg
1841938.7234555264,6,images/DT1051.jpg
1880774.203027046,6,images/DT1052.jpg
1900856.2062612576,6,images/DT1053.jpg
1853539.4016405258,6,images/DT1054.jpg
1906706.1608134396,6,images/DT1055.jpg
1923417.0367752805,6,images/DT1056.jpg
1827829.2541444763,6,images/DT1057.jpg
1872129.827957388,6,images/DT1058.jpg
1909902.174698697,6,images/DT1059.jpg
1943270.6143245236,6,images/DT1060.jpg
1971272.8014874626,6,images/DT1061.jpg
1955008.6592331922,6,images/DT1062.jpg
1841800.5784501366,6,images/DT1063.jpg
1983256.7834198112,6,images/DT1064.jpg
1933897.3784236119,6,images/DT1065.jpg
1895817.9995435632,6,images/DT1066.jpg
1966019.3998740483,6,images/DT1067.jpg
1855676.5632450348,6,images/DT1068.jpg
1862227.7496273925,6,images/DT1069.jpg
2026410.5591175575,6,images/DT1070.jpg
1833851.20895689,6,images/DT1071.jpg
1809813.978019068,6,images/DT1072.jpg
1912088.3680515976,6,images/DT1073.jpg
1900508.3143321916,6,images/DT1074.jpg
1971224.5480207913,6,images/DT1075.jpg
1947164.7469130745,6,images/DT1076.jpg
1887451.4710481258,6,images/DT1077.jpg
1954744.8217299408,6,images/DT1078.jpg
1978741.9711591569,6,images/DT1079.jpg
1848895.0054734072,6,images/DT1080.jpg
1951739.4868662076,6,images/DT1081.jpg
1986629.078114763,6,images/DT1082.jpg
1871515.7636799088,6,images/DT1083.jpg
1848108.162653976,6,images/DT1084.jpg
1935399.0730033277,6,images/DT1085.jpg
1918506.468259749,6,images/DT1086.jpg
1849513.3503003493,6,images/DT1087.jpg
1911028.3483482688,6,images/DT1088.jpg
1878842.896937611,6,images/DT1089.jpg
2042201.8952266206,6,images/DT1090.jpg
1926156.9775723212,6,images/DT1091.jpg
1906511.201242453,6,images/DT1092.jpg
1935985.1191388685,6,images/DT1093.jpg
1848702.380747582,6,images/DT1094.jpg
1883275.989617612,6,images/DT1095.jpg
1842312.6878222295,6,images/DT1096.jpg
1857112.8821602282,6,images/DT1097.jpg
1874332.3652264194,6,images/DT1098.jpg
1912814.1157559694,6,images/DT1099.jpg
1897460.952255551,6,images/DT1100.jpg
1999563.342027849,6,images/DT1101.jpg
1909902.174698697,6,images/DT1102.jpg
1914216.1902754607,6,images/DT1103.jpg
1888664.8122503944,6,images/DT1104.jpg
1952770.3210050175,6,images/DT1105.jpg
1937590.3251874119,6,images/DT1106.jpg
1826499.9489658524,6,images/DT1107.jpg
1859549.2930862717,6,images/DT1108.jpg
1936128.3229754416,6,images/DT1109.jpg
2032427.455098788,6,images/DT1110.jpg
1885162.155367258,6,images/DT1111.jpg
1836500.0907926317,6,images/DT1112.jpg
1852544.3684608592,6,images/DT1113.jpg
1920129.1856470036,6,images/DT1114.jpg
1935646.9557313088,6,images/DT1115.jpg
1957052.4270312407,6,images/DT1116.jpg
1899452.1860374652,6,images/DT1117.jpg
1950172.027481109,6,images/DT1118.jpg
1862704.8363220626,6,images/DT1119.jpg
1860070.7418390105,6,images/DT1120.jpg
1988521.859259033,6,images/DT1121.jpg
1862752.3115070134,6,images/DT1122.jpg
1872990.218399407,6,images/DT1123.jpg
1879958.563783956,6,images/DT1124.jpg
1981141.8028443367,6,images/DT1125.jpg
1922864.4567537212,6,images/DT1126.jpg
1833568.6926923464,6,images/DT1127.jpg
1853645.2479545146,6,images/DT1128.jpg
1918519.6990489976,6,images/DT1129.jpg
1860235.3484228975,6,images/DT1130.jpg
1918514.6402178144,6,images/DT1131.jpg
1905007.1718175756,6,images/DT1132.jpg
1875074.0677060615,6,images/DT1133.jpg
2042406.1941782534,6,images/DT1134.jpg
1938546.4442810533,6,images/DT1135.jpg
1939649.6586198702,6,images/DT1136.jpg
1870458.4679626017,6,images/DT1137.jpg
2032516.1792149257,6,images/DT1138.jpg
1878649.8830709255,6,images/DT1139.jpg
1999854.030250458,6,images/DT1140.jpg
2037601.861117571,6,images/DT1141.jpg
1863473.0003802017,6,images/DT1142.jpg
1987483.6314438784,6,images/DT1143.jpg
1921526.979617032,6,images/DT1144.jpg
1896788.9059898944,6,images/DT1145.jpg
1936422.902606653,6,images/DT1146.jpg
1800565.6563342973,6,images/DT1147.jpg
1853245.600291035,6,images/DT1148.jpg
1880073.3603377307,6,images/DT1149.jpg
1932586.3628654196,6,images/DT1150.jpg
1798924.6493266108,6,images/DT1151.jpg
1904447.1981196715,6,images/DT1152.jpg
1866489.6203288822,6,images/DT1153.jpg
1844139.7041611169,6,images/DT1154.jpg
1922427.062426797,6,images/DT1155.jpg
1898675.4608804004,6,images/DT1156.jpg
1984812.9577199626,6,images/DT1157.jpg
1953100.312454512,6,images/DT1158.jpg
1849912.2196821084,6,images/DT1159.jpg
1922879.244106411,6,images/DT1160.jpg
2020801.8718987324,6,images/DT1161.jpg
1845782.6568731046,6,images/DT1162.jpg
1935762.1414259437,6,images/DT1163.jpg
2011944.2476376556,6,images/DT1164.jpg
1863859.417254433,6,images/DT1165.jpg
1787610.7679556177,6,images/DT1166.jpg
1888826.3057073993,6,images/DT1167.jpg
1856531.5057150105,6,images/DT1168.jpg
1841244.496160835,6,images/DT1169.jpg
